{
	"books": [
		{
			"id": 1,
			"title": "You dont know js",
			"author": "Kyle Simphson",
			"genre": "programing",
			"year": 2012
		},
		{
			"id": 2,
			"title": "Star Wars",
			"author": "Kyle Simphson",
			"genre": "programing",
			"year": 2012
		},
		{
			"id": 3,
			"title": "Avatar",
			"author": "Kyle Simphson",
			"genre": "programing",
			"year": 2012
		},
		{
			"id": 4,
			"title": "Bible",
			"author": "Kyle Simphson",
			"genre": "programing",
			"year": 2012
		},
		{
			"id": 5,
			"title": "Elmo",
			"author": "Kyle Simphson",
			"genre": "programing",
			"year": 2012
		},
		{
			"id": 6,
			"title": "You dont know js",
			"author": "Kyle Simphson",
			"genre": "programing",
			"year": 2012
		},
		{
			"id": 7,
			"title": "You dont know js",
			"author": "Kyle Simphson",
			"genre": "programing",
			"year": 2012
		},
		{
			"id": 8,
			"title": "You dont know js",
			"author": "Kyle Simphson",
			"genre": "programing",
			"year": 2012
		},
		{
			"id": 9,
			"title": "You dont know js",
			"author": "Kyle Simphson",
			"genre": "programing",
			"year": 2012
		},
		{
			"id": 10,
			"title": "You dont know js",
			"author": "Kyle Simphson",
			"genre": "programing",
			"year": 2012
		},
		{
			"id": 11,
			"title": "You dont know js",
			"author": "Kyle Simphson",
			"genre": "programing",
			"year": 2012
		},
		{
			"id": 12,
			"title": "You dont know js",
			"author": "Kyle Simphson",
			"genre": "programing",
			"year": 2012
		},
		{
			"id": 13,
			"title": "You dont know js",
			"author": "Kyle Simphson",
			"genre": "programing",
			"year": 2012
		},
		{
			"id": 14,
			"title": "You dont know js",
			"author": "Kyle Simphson",
			"genre": "programing",
			"year": 2012
		},
		{
			"id": 15,
			"title": "You dont know js",
			"author": "Kyle Simphson",
			"genre": "programing",
			"year": 2012
		},
		{
			"id": 16,
			"title": "You dont know js",
			"author": "Kyle Simphson",
			"genre": "programing",
			"year": 2012
		},
		{
			"id": 17,
			"title": "You dont know js",
			"author": "Kyle Simphson",
			"genre": "programing",
			"year": 2012
		},
		{
			"id": 18,
			"title": "You dont know js",
			"author": "Kyle Simphson",
			"genre": "programing",
			"year": 2012
		}
	]
}
